(index -> (radius,density,mass within (shells),gravitational acceleration (shells),density slope,mass within (linear),gravitational acceleration (linear)
"radius[unit=""m""]","density[unit=""kg/m^3""]",mass[unit=”kg”],acceleration[unit=”m/s^2”],slope[unit=””],mass[unit=”kg”],acceleration[unit=”m/s^2”]
0,13088.5,0,0,0,0,0
12858,13088.46,1.16546369880726E+017,-0.0470497837558356,-0.00000311090371759785,1.16546102746135E+017,-0.0470496759135685
25716,13088.36,9.32368465789628E+017,-0.0940993158797147,-0.00000777725929371168,9.32364414248328E+017,-0.0940989069777854
38574,13088.18,3.14672580758968E+018,-0.141148176985043,-0.0000139990667289074,3.14670452586725E+018,-0.141147222381272
51432,13087.92,7.45883606405792E+018,-0.188195814380202,-0.0000202208741639616,7.45876790021474E+018,-0.188194094520713
64289,13087.6,1.45671698182491E+019,-0.235238047366761,-0.0000248891654351489,1.45670083447515E+019,-0.235235439810815
77147,13087.2,2.51718611069023E+019,-0.282281856865175,-0.0000311090371752711,2.51715277815269E+019,-0.282278118893417
90005,13086.74,3.99714264878582E+019,-0.329323027052062,-0.0000357753927516679,3.99708197565999E+019,-0.32931802821684
102863,13086.2,5.96647066191348E+019,-0.376361213698775,-0.0000419972001865807,5.96636755531795E+019,-0.37635470979963
115721,13085.58,8.49503624676692E+019,-0.423395856989742,-0.0000482190076217764,8.49487089447576E+019,-0.423387615768282
128579,13084.9,1.16526865870106E+020,-0.470426417071651,-0.0000528853631980317,1.16524363139985E+020,-0.470416313389941
141437,13084.14,1.55092532834701E+020,-0.517452560372391,-0.0000591071706330859,1.55088874586226E+020,-0.517440354948924
154295,13083.32,2.01345403510428E+020,-0.564473733334419,-0.0000637735262093412,2.01340253913929E+020,-0.564459296392177
167153,13082.42,2.55983338709863E+020,-0.611489595175867,-0.0000699953336443954,2.55976259757463E+020,-0.611472685068518
180011,13081.44,3.19703855000008E+020,-0.658499588154876,-0.0000762171410794496,3.19694330502774E+020,-0.658479970382341
192868,13080.4,3.93198043123008E+020,-0.705499511682319,-0.0000808897876643753,3.93185530031264E+020,-0.705477059942617
205726,13079.28,4.77174287842874E+020,-0.752496342874821,-0.0000871053040907592,4.77158102257679E+020,-0.752470818461674
218584,13078.1,5.72323803433002E+020,-0.799485873495955,-0.0000917716596671559,5.72303239014784E+020,-0.79945714681752
231442,13076.84,6.79342909891557E+020,-0.846467764139644,-0.0000979934671022102,6.79317091963395E+020,-0.846435594754186
244300,13075.5,7.98927391705461E+020,-0.893441458367396,-0.000104215274537264,7.98895336422096E+020,-0.893405610905643
257158,13074.1,9.31772600605593E+020,-0.940406409190303,-0.00010888163011352,9.31733311877129E+020,-0.940366756412326
270016,13072.62,1.07857365448961E+021,-0.987362282012601,-0.000115103437548574,1.07852592167476E+021,-0.987318585802523
282874,13071.08,1.24002500751982E+021,-1.03430852430337,-0.000119769793124971,1.23996761752744E+021,-1.03426065514108
295732,13069.46,1.4168208778879E+021,-1.08124479738998,-0.000125991600560025,1.41675236977285E+021,-1.08119251552137
308589,13067.76,1.60963909054362E+021,-1.12816689586712,-0.000132223691374264,1.60955786424992E+021,-1.12810996582848
321447,13066,1.81920250481359E+021,-1.17508157071675,-0.000136879763571334,1.81910697426738E+021,-1.17501986445591
334305,13064.17,2.04618943450337E+021,-1.22198483775928,-0.000142323845076989,2.04607780050858E+021,-1.2219181699099
347163,13062.26,2.29129184687073E+021,-1.2688762484859,-0.000148545652512043,2.29116207036919E+021,-1.26880438059154
360021,13060.28,2.55520092211191E+021,-1.3157552495748,-0.000153989734017698,2.55505090129037E+021,-1.3156779990221
372879,13058.23,2.83860740508225E+021,-1.36262139791394,-0.000159433815523494,2.83843488176555E+021,-1.36253858126147
385737,13056.1,3.14220140913354E+021,-1.40947424878152,-0.000165655622958407,3.14200384561517E+021,-1.40938562916253
398595,13053.91,3.46667214515429E+021,-1.45631325175147,-0.000170321978534804,3.46644707126542E+021,-1.45621870052964
411453,13051.64,3.81270862812947E+021,-1.5031380704533,-0.000176543785969858,3.8124531490065E+021,-1.50303734930375
424311,13049.3,4.18099865955097E+021,-1.54994815156505,-0.000181987867475513,4.18070982688008E+021,-1.54984107770524
437168,13046.89,4.57219822686984E+021,-1.59673941188504,-0.000187446527183624,4.57187291060933E+021,-1.59662580235442
450026,13044.4,4.98705472103546E+021,-1.64351868542129,-0.000193653756416222,4.9866894346109E+021,-1.64339830273093
462884,13041.85,5.42622409622689E+021,-1.69028178243114,-0.000198320111992477,5.42581548099354E+021,-1.69015449780878
475742,13039.22,5.8903916938367E+021,-1.73702836645294,-0.000204541919427673,5.88993584954153E+021,-1.73689394169606
488600,13036.52,6.38024134898999E+021,-1.78375788424561,-0.000209986000933186,6.37973433791255E+021,-1.78361613647193
501458,13033.75,6.89645639682256E+021,-1.83046989217336,-0.000215430082438982,6.89589406824824E+021,-1.8303206379092
514316,13030.9,7.43971931336883E+021,-1.87716394545239,-0.000221651889874037,7.4390970878142E+021,-1.87700694767763
527174,13027.99,8.01071125493953E+021,-1.92383949308351,-0.000226318245450292,8.01002474903705E+021,-1.92367462293336
540032,13025,8.61011332832665E+021,-1.97049619858057,-0.000232540052885346,8.60935748682867E+021,-1.97032321795399
552889,13021.94,9.2385547806721E+021,-2.01712988120146,-0.000238002644473788,9.23772453949295E+021,-2.01694860779552
565747,13018.81,9.89681209482932E+021,-2.06374735148793,-0.000243428215896797,9.89590213692108E+021,-2.06355760117185
578605,13015.6,1.05855153329158E+022,-2.11034453808891,-0.00024965002333171,1.05845198335229E+022,-2.1101460738063
591463,13012.33,1.13053407424369E+022,-2.15692088985026,-0.000254316378908107,1.13042541572426E+022,-2.15671358267062
604321,13008.98,1.20569646346395E+022,-2.20347607027255,-0.000260538186343161,1.20557806038208E+022,-2.20325968218032
617179,13005.56,1.28410611488119E+022,-2.25000952630196,-0.000265982267848816,1.2839773327079E+022,-2.2497838742991
630037,13002.07,1.36583039130305E+022,-2.29652081411716,-0.000271426349354471,1.36569056854672E+022,-2.29628571474301
642895,12998.5,1.45093654686727E+022,-2.34300948899439,-0.000277648156789525,1.45078496156436E+022,-2.34276470516571
655753,12994.87,1.53949165667057E+022,-2.38947499967107,-0.00028231451236578,1.53932762466954E+022,-2.38922040240585
668611,12991.16,1.63156281618149E+022,-2.43591700964925,-0.000288536319800976,1.63138555608165E+022,-2.43565236100192
681468,12987.38,1.72720928498166E+022,-2.48233135529292,-0.000294003266703014,1.72701802155424E+022,-2.48205647302641
694326,12983.53,1.82651272846386E+022,-2.52872481289343,-0.000299424482812144,1.82630665449521E+022,-2.52843951274211
707184,12979.6,1.9295325198797E+022,-2.57509332834347,-0.00030564629024734,1.92931075896045E+022,-2.57479737320523
720042,12975.61,2.03633512590753E+022,-2.62143635028893,-0.000310312645823595,2.03609685054391E+022,-2.62112961114191
732900,12971.54,2.14698705026611E+022,-2.66775354222935,-0.000316534453258649,2.1467313186813E+022,-2.66743578118783
745758,12967.4,2.26155450222401E+022,-2.71404435125625,-0.000321978534764445,2.26128038196589E+022,-2.71371538525636
758616,12963.19,2.38010364414899E+022,-2.76030833344894,-0.000327422616269959,2.37981017013955E+022,-2.75996797904636
771474,12958.91,2.50270050697909E+022,-2.80654504414166,-0.000332866697775755,2.50238668095351E+022,-2.80619311754304
784332,12954.55,2.62941098797876E+022,-2.85275403799624,-0.000339088505210809,2.62907572876569E+022,-2.85239030175332
797189,12950.12,2.76029040186548E+022,-2.89893117063251,-0.000344559383993037,2.75993264329735E+022,-2.89855544296848
810047,12945.62,2.89542472007535E+022,-2.94508318210748,-0.000349976668222119,2.89504335757093E+022,-2.94469527898216
822905,12941.05,3.03486940405706E+022,-2.99120603760103,-0.000355420749727915,3.0344632993088E+022,-2.99080577557549
835763,12936.41,3.17868978700142E+022,-3.03729929245999,-0.000360864831233428,3.17825776568328E+022,-3.03688648777258
848621,12931.69,3.32695105704573E+022,-3.08336250140835,-0.000367086638668482,3.32649185065679E+022,-3.08293691662042
861479,12926.9,3.47971813689603E+022,-3.12939511236197,-0.000372530720174279,3.47923049562291E+022,-3.1289565647105
874337,12922.04,3.63705591069176E+022,-3.17539668201452,-0.000377974801679792,3.63653854699298E+022,-3.17494498838845
887195,12917.11,3.79902911062681E+022,-3.22136676636686,-0.000383418883185588,3.79848069867179E+022,-3.2209017433321
900053,12912.11,3.96570231470558E+022,-3.26730492078598,-0.000388862964691243,3.96512148981369E+022,-3.26682638460832
912911,12907.03,4.1371399444991E+022,-3.31321070005819,-0.000395084772126297,4.13652523587838E+022,-3.3127184133077
925768,12901.88,4.31339222549699E+022,-3.35907998358719,-0.000400560006222405,4.31274218998149E+022,-3.35857376454319
938626,12896.66,4.49455066499037E+022,-3.40491946336917,-0.000405972935137607,4.49386381333546E+022,-3.40439912780227
951484,12891.37,4.68066567655712E+022,-3.45072512858928,-0.000411417016643261,4.67994048111971E+022,-3.45019049307119
964342,12886.01,4.87180102558786E+022,-3.4964965346293,-0.000416861098149058,4.87103591704316E+022,-3.49594741545117
977200,12880.57,5.06802030965994E+022,-3.54223323632729,-0.000423082905584112,5.06721359996782E+022,-3.54166939606839
990058,12875.07,5.26938679996001E+022,-3.58793468157195,-0.000427749261160367,5.2685369112221E+022,-3.58735599084493
1002916,12869.49,5.47596390392681E+022,-3.63360053337839,-0.000433971068595421,5.47506905783871E+022,-3.63300675422278
1015774,12863.83,5.68781453756631E+022,-3.67923023857303,-0.000440192876030476,5.68687290772182E+022,-3.67862113414909
1028632,12858.11,5.90500142743339E+022,-3.72482324618896,-0.000444859231606731,5.90401130822668E+022,-3.72419868765448
1041489,12852.31,6.12756992772193E+022,-3.77037567637347,-0.000451116123512568,6.12652940288828E+022,-3.76973542753589
1054347,12846.45,6.35561701359703E+022,-3.81589406308973,-0.00045574739461804,6.35452428719145E+022,-3.81523799331794
1067205,12840.51,6.5891881126695E+022,-3.86137452733427,-0.000461969202053236,6.58804116824984E+022,-3.86070239870619
1080063,12834.5,6.82834520374165E+022,-3.90681651597706,-0.000467413283558891,6.82714206716305E+022,-3.90612814511765
1092921,12828.41,7.07315025472337E+022,-3.95221958454169,-0.000473635090993945,7.07188880874994E+022,-3.95151473432623
1105779,12822.26,7.32366484767041E+022,-3.99758318146959,-0.0004783014465702,7.32234311865265E+022,-3.99686172277346
1118637,12816.03,7.57995075778907E+022,-4.04290697035495,-0.000484523254005255,7.57856652754147E+022,-4.04216866554329
1131495,12809.73,7.84206916996103E+022,-4.08819039862129,-0.000489967335511051,7.84062026926477E+022,-4.0874350645651
1144353,12803.36,8.11008126688397E+022,-4.13343302227868,-0.000495411417016564,8.10856547690467E+022,-4.13266047559892
1157211,12796.91,8.38404803154654E+022,-4.17863439684288,-0.00050163322445176,8.38246297588465E+022,-4.17784440040145
1170068,12790.4,8.66400801023932E+022,-4.2237904574517,-0.000506338959321787,8.66235148217596E+022,-4.22298288347228
1182926,12783.81,8.95006553935845E+022,-4.26890789211409,-0.000512521387463069,8.94833505009872E+022,-4.26808250159314
1195784,12777.15,9.24225922594723E+022,-4.31398263717541,-0.000517965468968724,9.24045235012545E+022,-4.31313924696831
1208642,12770.42,9.54064922173633E+022,-4.3590142486117,-0.000523409550474379,9.53876348153965E+022,-4.35815267533766
1221500,12763.61,9.84529546736747E+022,-4.40400228193232,-0.000529631357909433,9.84332821227614E+022,-4.40312228844303
1221500,12166.33,9.84529546736747E+022,-4.40400228193232,#DIV/0!,9.84332821227614E+022,-4.40312228844303
1234332,12159.72,1.01411001714062E+023,-4.44249369237127,-0.000515118453865382,1.01390522806575E+023,-4.44159657651799
1247165,12153.05,1.04429792544572E+023,-4.48107600291645,-0.000519753759837924,1.04408482830381E+023,-4.48016160438549
1259997,12146.32,1.0750941937019E+023,-4.51973755744511,-0.000524470074812934,1.07487254043352E+023,-4.51880571853491
1272830,12139.54,1.10650922929469E+023,-4.5584790017476,-0.000528325411049547,1.10627877857235E+023,-4.55752961537928
1285662,12132.7,1.13854374939104E+023,-4.59728927293046,-0.000533042394014974,1.13830424359924E+023,-4.59632218017882
1298494,12125.8,1.17120574434626E+023,-4.63616648401335,-0.000537718204488892,1.17095692019073E+023,-4.63518152452536
1311327,12118.85,1.20450338106091E+023,-4.67510899436789,-0.000541572508376756,1.20424498321996E+023,-4.67410605980636
1324159,12111.84,1.23843702453779E+023,-4.71410636772155,-0.00054629052369079,1.23816878059076E+023,-4.71308529803955
1336991,12104.78,1.27301475022154E+023,-4.75315735308872,-0.000550187032418913,1.27273639618827E+023,-4.75211804029227
1349824,12097.65,1.30824484394944E+023,-4.79226101287243,-0.000555598846723371,1.30795608120156E+023,-4.79120323957789
1362656,12090.47,1.34412725099297E+023,-4.83140722162259,-0.000559538653366606,1.34382780649233E+023,-4.83033088132685
1375489,12083.23,1.38067303776663E+023,-4.87059842859719,-0.000564170497934994,1.38036261692651E+023,-4.86950335741474
1388321,12075.93,1.41788193115955E+023,-4.90982492062337,-0.000568890274314158,1.41756023578187E+023,-4.90871095764276
1401153,12068.57,1.45576215263812E+023,-4.94908628868285,-0.000573566084788075,1.4554288782999E+023,-4.94795327155182
1413986,12061.15,1.49432211273391E+023,-4.98838227948513,-0.000578196836281468,1.49397694865176E+023,-4.98723004438384
1426818,12053.67,1.53356115851341E+023,-5.02770358018946,-0.000582917705735627,1.5332037902918E+023,-5.02653196634333
1439651,12046.14,1.57349074058211E+023,-5.06705325485268,-0.000586768487493233,1.57312086301135E+023,-5.06586215197519
1452483,12038.54,1.61410998137197E+023,-5.10642233095031,-0.000592269326683178,1.61372725240862E+023,-5.10521152391256
1465315,12030.88,1.65542721997376E+023,-5.14581092731768,-0.000596945137157238,1.65503130760294E+023,-5.14458025394261
1478148,12023.16,1.69745102527434E+023,-5.1852193896367,-0.000601574066858828,1.6970415907536E+023,-5.18396868620898
1490980,12015.38,1.7401800908252E+023,-5.22463894728605,-0.000606296758104789,1.73975679181589E+023,-5.22336805325497
1503812,12007.54,1.78362288198118E+023,-5.26407013384108,-0.000610972568578423,1.78318536933979E+023,-5.26277888710276
1516645,11999.64,1.8277880652544E+023,-5.30351358344278,-0.000615600405205443,1.82733598288422E+023,-5.30220182031408
1529477,11991.68,1.87267392996066E+023,-5.34296079152173,-0.000620324189526117,1.87220691818896E+023,-5.34162835155691
1542310,11983.66,1.91829262108909E+023,-5.3824156304181,-0.000624951297436331,1.91781031200831E+023,-5.38106234995059
1555142,11975.57,1.9646421534688E+023,-5.4218697529802,-0.000630455112219463,1.96414415622131E+023,-5.42049541811292
1567974,11967.42,2.01173111269688E+023,-5.46132399923476,-0.000635130922693239,2.01121704831325E+023,-5.45992844883651
1580807,11959.21,2.05956833089482E+023,-5.50077939471404,-0.000639756876802069,2.05903781306292E+023,-5.49936246597492
1593639,11950.94,2.10815140245093E+023,-5.540227804653,-0.00064448254364079,2.10760404133509E+023,-5.53878933810377
1606472,11942.6,2.15749292497286E+023,-5.57967345525075,-0.000649887010052221,2.15692830126352E+023,-5.57821323450715
1619304,11934.2,2.20759016655362E+023,-5.61910823063073,-0.000654613466334136,2.20700787781247E+023,-5.61762609707735
1632136,11925.73,2.25845191417516E+023,-5.65853339930442,-0.000660068578553707,2.25785152902011E+023,-5.65702913904943
1644969,11917.2,2.31008712715973E+023,-5.69795018200702,-0.000664692589417816,2.30946822748977E+023,-5.69642363374585
1657801,11908.61,2.36249267905833E+023,-5.7373507425312,-0.000669420199501258,2.36185484332637E+023,-5.73580174839344
1670634,11899.95,2.41568163332651E+023,-5.77673957856287,-0.00067482272266811,2.41502440824953E+023,-5.77516792356422
1683466,11891.23,2.46965052413586E+023,-5.81610884907414,-0.000679551122194604,2.46897347506742E+023,-5.81451437607494
1696298,11882.44,2.52440830521473E+023,-5.85546007210992,-0.000685006234413891,2.52371096643775E+023,-5.8538425685718
1709131,11873.59,2.57996410612559E+023,-5.89479470399759,-0.000689628302033847,2.57924602648925E+023,-5.89315400983937
1721963,11864.67,2.63631405543099E+023,-5.9341051525556,-0.000695137157107238,2.63557475665342E+023,-5.93244105768941
1734795,11855.68,2.69346716115396E+023,-5.97339295093679,-0.000700592269326666,2.69270615600085E+023,-5.97170524414654
1747628,11846.63,2.751432655828E+023,-6.01265967211707,-0.000705213122418849,2.75064947242424E+023,-6.01094819455004
1760460,11837.52,2.81020620850211E+023,-6.05189785118266,-0.000709943890274218,2.80940037170546E+023,-6.05016244758014
1773293,11828.33,2.86980165560043E+023,-6.09111229302801,-0.000716122496688265,2.86897262948247E+023,-6.08935269714496
1786125,11819.08,2.93021425493196E+023,-6.13029539475652,-0.000720854114713217,2.92936155008709E+023,-6.12851145265236
1798957,11809.76,2.99145323340264E+023,-6.16944896643503,-0.000726309226932646,2.99057632577795E+023,-6.16764046855234
1811790,11800.38,3.05352799862465E+023,-6.20857474000362,-0.000730928076054003,3.05262638089126E+023,-6.20674152901386
1824622,11790.92,3.11643343560646E+023,-6.24766543533959,-0.000737219451371503,3.11550654388327E+023,-6.24580725049433
1837455,11781.4,3.18018377200079E+023,-6.28672577655889,-0.000741837450323419,3.17923108411232E+023,-6.28484246165169
1850287,11771.81,3.2447735715663E+023,-6.32574855084682,-0.000747350374064849,3.24379453481152E+023,-6.32383989984353
1863119,11762.15,3.31021218155776E+023,-6.36473559250605,-0.000752805486284278,3.30920623334091E+023,-6.36280139793819
1875952,11752.42,3.37650918659128E+023,-6.40368875847386,-0.000758201511727543,3.37547575420565E+023,-6.40172881138508
1888784,11742.63,3.44365860614545E+023,-6.44260082148601,-0.000762936408977624,3.4425971418049E+023,-6.44061497102447
1901616,11732.76,3.51166994845088E+023,-6.4814737885378,-0.000769170822942564,3.51057983690965E+023,-6.47946177445765
1914449,11722.82,3.58055284772228E+023,-6.52030947014826,-0.000774565573131809,3.57943349195162E+023,-6.51827108492053
1927281,11712.82,3.65030082435079E+023,-6.5591007256567,-0.00077930174563591,3.64915165353176E+023,-6.557035819909
1940114,11702.74,3.72092903326354E+023,-6.59785264076552,-0.000785474947401226,3.71974940405554E+023,-6.59576095355096
1952946,11692.59,3.79243059818316E+023,-6.63655802067103,-0.000790991271820421,3.79121989353335E+023,-6.63443934995409
1965778,11682.38,3.86481514350644E+023,-6.67521885496029,-0.000795667082294338,3.86357276667975E+023,-6.67307305059176
1978611,11672.09,3.93809260332244E+023,-6.71383725338992,-0.00080183900880535,3.9368178846045E+023,-6.71166405563196
1991443,11661.73,4.01225558663786E+023,-6.75240609786353,-0.000807356608478848,4.01094788393442E+023,-6.75020530593533
2004276,11651.29,4.08731971048174E+023,-6.79093042577468,-0.00081352762409403,4.08597833578532E+023,-6.78870178136134
2017108,11640.79,4.16327723472298E+023,-6.82940316882996,-0.000818266832917706,4.16190156122228E+023,-6.82714652618156
2029940,11630.21,4.24013802479457E+023,-6.86782649341067,-0.000824501246882929,4.2387273491131E+023,-6.86554159707896
2042773,11619.57,4.31791206756872E+023,-6.90620235934001,-0.000829112444479032,4.31646574102075E+023,-6.9038890598421
2055605,11608.85,4.39659122900994E+023,-6.9445239826434,-0.000835411471321645,4.39510853273643E+023,-6.94218202741171
2068437,11598.05,4.4761853487245E+023,-6.98279334712378,-0.000841645885286868,4.47466555146233E+023,-6.98042248233949
2081270,11587.18,4.55670451972936E+023,-7.02101244427078,-0.000847034987921685,4.55514691232464E+023,-7.01861246838372
2094102,11576.24,4.63814000590322E+023,-7.05917444986573,-0.000852556109725725,4.6365438762035E+023,-7.05674516614841
2106935,11565.23,4.72050827750409E+023,-7.09728445663979,-0.000857944362191243,4.71887289838063E+023,-7.0948256640371
2119767,11554.14,4.80380023919576E+023,-7.13533568216473,-0.000864245635910236,4.80212484455185E+023,-7.13284713089508
2132599,11542.98,4.88802590281998E+023,-7.17333015547139,-0.000869700748129665,4.88630975008612E+023,-7.17081164791805
2145432,11531.74,4.97319561259997E+023,-7.21127001676436,-0.000875866905633896,4.97143790985111E+023,-7.20872129957755
2158264,11520.43,5.05929965192629E+023,-7.24914843831836,-0.000881390274314175,5.05749964105994E+023,-7.24656931732167
2171097,11509.04,5.14635503472354E+023,-7.28697052774665,-0.000887555520922576,5.14451190392821E+023,-7.28436075059492
2183929,11497.58,5.2343516736112E+023,-7.32472949748774,-0.000893079800498827,5.23246464591491E+023,-7.32208887104697
2196761,11486.04,5.32329982950779E+023,-7.36242751734962,-0.000899314214463767,5.32136807647796E+023,-7.3597557926452
2209594,11474.42,5.41320995129553E+023,-7.40006665009711,-0.000905478064365371,5.41123263059851E+023,-7.39736357649047
2222426,11462.73,5.50407138862483E+023,-7.43764016724352,-0.000911003740648419,5.50204769432491E+023,-7.43490555336435
2235259,11450.97,5.59590170524175E+023,-7.47515317943913,-0.000916387438634787,5.59383081463066E+023,-7.47238682910792
2248091,11439.12,5.68868995324403E+023,-7.51259910311304,-0.00092347256857844,5.68657096021178E+023,-7.50980071802184
2260923,11427.2,5.78244640856143E+023,-7.54997991589099,-0.000928927680798011,5.78027847394759E+023,-7.54714930378721
2273756,11415.2,5.87718177827033E+023,-7.58729780927969,-0.000935089223096704,5.87496400777298E+023,-7.58443472185602
2286588,11403.13,5.97288445895213E+023,-7.62454614882547,-0.000940617206982663,5.97061599734818E+023,-7.62165039714888
2299420,11390.97,6.06956499473066E+023,-7.66172713703732,-0.000947630922693256,6.06724488816955E+023,-7.65879842247285
2312253,11378.74,6.16723403189407E+023,-7.69884275842675,-0.000953011766539357,6.16486139651943E+023,-7.69588088823048
2325085,11366.43,6.26587947064318E+023,-7.73588654149455,-0.000959320448877766,6.26345337744036E+023,-7.73289127453417
2337918,11354.04,6.36551968079003E+023,-7.77286347221584,-0.000965479622847301,6.36303918144364E+023,-7.76983456275845
2350750,11341.57,6.46614208538963E+023,-7.80976700748224,-0.000971789276808071,6.46360622906268E+023,-7.8067042156635
2363582,11329.03,6.56775731466594E+023,-7.84659925314002,-0.000977244389027358,6.56516518009694E+023,-7.84350239066496
2376415,11316.4,6.67037636435466E+023,-7.88336241723217,-0.00098418140730936,6.66772692488336E+023,-7.88023118588719
2389247,11303.69,6.7739859740262E+023,-7.92004990250863,-0.000990492518703174,6.77127824561082E+023,-7.91688406421867
2402080,11290.91,6.87860507111744E+023,-7.95666667402135,-0.000995870022598041,6.87583809570207E+023,-7.95346603946715
2414912,11278.04,6.98422017892334E+023,-7.99320638533847,-0.00100296134663334,6.98139290365609E+023,-7.98997066336231
2427744,11265.09,7.09084200355259E+023,-8.0296710384637,-0.00100919576059856,7.08795340593875E+023,-8.02639998989288
2440577,11252.06,7.19848162242634E+023,-8.06606273688556,-0.00101535104807922,7.19553066361581E+023,-8.06275612027554
2453409,11238.95,7.30712486109053E+023,-8.10237507985465,-0.00102166458852858,7.30411050044309E+023,-8.09903265981178
2466241,11225.76,7.41678261878948E+023,-8.13861017710582,-0.00102789900249381,7.41370379923327E+023,-8.13523171592373
2479074,11212.49,7.52746607567893E+023,-8.17477013063441,-0.00103405283254114,7.52432172334721E+023,-8.17135538824127
2491906,11199.14,7.63916044716247E+023,-8.21084859184499,-0.00104036783042397,7.63594948670205E+023,-8.20739733429421
2504739,11185.7,7.75188556176327E+023,-8.24685047585366,-0.00104729992986821,7.74860684522582E+023,-8.24336241029573
2517571,11172.18,7.86562612322671E+023,-8.28276936151108,-0.00105361596009978,7.86227855128801E+023,-8.27924425545404
2530403,11158.58,7.98039319527841E+023,-8.31860735435409,-0.00105985037406487,7.97697565144188E+023,-8.31504497282768
2543236,11144.9,8.09619812585494E+023,-8.35436655059298,-0.00106600171433027,8.09270947607156E+023,-8.3507666560988
2556068,11131.13,8.21302509869678E+023,-8.39004068873697,-0.00107309850374068,8.20946415547867E+023,-8.38640299639692
2568901,11117.28,8.33089440160414E+023,-8.42563453769948,-0.00107924881165733,8.32726000604895E+023,-8.42195881127237
2581733,11103.34,8.44978980009586E+023,-8.46114187125068,-0.0010863466334165,8.446080739037E+023,-8.4574278271655
2594565,11089.32,8.56972241244895E+023,-8.49656467846375,-0.00109258104738158,8.56593750781081E+023,-8.49281208467926
2607398,11075.22,8.6907037499807E+023,-8.53190504578945,-0.00109872983713866,8.68684180534672E+023,-8.52811366757001
2620230,11061.03,8.81271694753281E+023,-8.5671567991873,-0.00110582917705725,8.80877671097617E+023,-8.56332635454603
2633063,11046.76,8.93578285237166E+023,-8.60232466326066,-0.00111197693446586,8.93176310195135E+023,-8.59845491857773
2645895,11032.4,9.05988417530397E+023,-8.63740249905539,-0.00111907730673321,9.05578363273666E+023,-8.63349317351292
2658727,11017.96,9.1850321871418E+023,-8.67239228268654,-0.00112531172069829,9.18084961112654E+023,-8.6684431468297
2671560,11003.43,9.31123855971097E+023,-8.70729608630866,-0.00113223720096617,9.30697263242746E+023,-8.70330685418857
2684392,10988.81,9.43848524909465E+023,-8.74210771593315,-0.00113933915211976,9.43413465194059E+023,-8.73807810864494
2697224,10974.11,9.56678361436292E+023,-8.77682913869314,-0.0011455735660847,9.56234706686735E+023,-8.77275892858869
2710057,10959.32,9.69614542024852E+023,-8.81146241697923,-0.00115249746746676,9.69162156324715E+023,-8.80735131981435
2722889,10944.45,9.82655197344513E+023,-8.84600140993711,-0.00115882169576052,9.8219395069862E+023,-8.84184920223401
2735722,10929.48,9.95802513320555E+023,-8.88045086845436,-0.00116652380581323,9.95332261023846E+023,-8.8762572132257
2748554,10914.43,1.00905456502079E+024,-8.91480457968889,-0.00117284912718199,1.00857517438996E+024,-8.91056925492123
2761386,10899.3,1.02241251485004E+024,-8.94906460039899,-0.00117908354114721,1.02192385119408E+024,-8.94478738101688
2774219,10884.07,1.03587755452516E+024,-8.9832329732632,-0.00118678407231353,1.03537946872762E+024,-8.97891352378736
2787051,10868.76,1.04944769307653E+024,-9.01730353876665,-0.00119311097256854,1.04894004842797E+024,-9.01294163877291
2799884,10853.36,1.06312517240386E+024,-9.05128099133785,-0.00120003116964074,1.06260782307299E+024,-9.04687636026904
2812716,10837.87,1.07690796981829E+024,-9.08515931491713,-0.00120713840399001,1.07638077003839E+024,-9.08071167953373
2825548,10822.29,1.09079724954913E+024,-9.11894043697362,-0.00121415211970074,1.09026005134226E+024,-9.11444952131232
2838381,10806.62,1.10479420494798E+024,-9.15262627074385,-0.00122107067716045,1.10424685807614E+024,-9.14809179605531
2851213,10790.86,1.1188967467038E+024,-9.18621085484446,-0.00122817955112221,1.11833910104133E+024,-9.18163254978385
2864045,10775.01,1.13310604697669E+024,-9.21969610297009,-0.00123519326683295,1.13253795013068E+024,-9.2150736933631
2876878,10759.08,1.14742330711914E+024,-9.25308391390301,-0.0012413309436609,1.14684461103295E+024,-9.24841717634167
2889710,10743.05,1.16184638421619E+024,-9.28636848835831,-0.00124922069825442,1.16125692768809E+024,-9.28165709914018
2902543,10726.93,1.17637758223159E+024,-9.31955420569934,-0.00125613652302649,1.17577720753336E+024,-9.31479788882596
2915375,10710.72,1.19101469996647E+024,-9.35263519630821,-0.00126324812967588,1.19040324956642E+024,-9.34783368333574
2928207,10694.42,1.20575892236688E+024,-9.38561334831404,-0.00127026184538648,1.20513623637039E+024,-9.38076636780074
2941040,10678.03,1.22061146365706E+024,-9.4184905338645,-0.0012771760305462,1.21997737975435E+024,-9.41359781131257
2953872,10661.54,1.23557005503673E+024,-9.45126093886665,-0.0012850685785536,1.23492440415334E+024,-9.44632215376945
2966705,10644.97,1.25063705388688E+024,-9.48392887590347,-0.00129120236889282,1.24997967763672E+024,-9.47894380882759
2979537,10628.3,1.2658101601687E+024,-9.51648867621636,-0.00129909600997507,1.26514088630063E+024,-9.5114570076556
2992369,10611.54,1.28109055664325E+024,-9.54894209212634,-0.00130610972568566,1.28040921752001E+024,-9.54386355353342
3005202,10594.69,1.29647946952311E+024,-9.58129096703122,-0.00131302111743165,1.29578589499065E+024,-9.5761652866336
3018034,10577.74,1.31197451639091E+024,-9.61352958122375,-0.00132091645885292,1.31126852931655E+024,-9.60835644139632
3030866,10560.7,1.32757688639034E+024,-9.64565966935834,-0.00132793017456352,1.32685831437897E+024,-9.64043880332737
3043699,10543.57,1.34328781248968E+024,-9.67768305654818,-0.00133483986597062,1.34255648056656E+024,-9.67241419421259
3056531,10526.34,1.35910484362019E+024,-9.70959408068316,-0.00134273690773064,1.35836056970374E+024,-9.70427690618597
3069364,10509.02,1.37503042123513E+024,-9.74139693883674,-0.00134964544533622,1.37427302707817E+024,-9.73603118328094
3082196,10491.61,1.39106204826956E+024,-9.77308600786702,-0.00135676433915211,1.39029135607095E+024,-9.76767141032841
3095028,10474.1,1.40720093921395E+024,-9.80466309818188,-0.0013645573566085,1.4064167608424E+024,-9.79919934064189
3107861,10456.49,1.42344832234415E+024,-9.83612989442154,-0.00137224343489446,1.42265046685274E+024,-9.83061665581124
3120693,10438.79,1.43980161589235E+024,-9.86748072468853,-0.00137936408977548,1.43898990054703E+024,-9.86191774612572
3133526,10421,1.45626332816181E+024,-9.8987198171968,-0.00138626977324093,1.45543756643447E+024,-9.89310683236319
3146358,10403.1,1.47283084677912E+024,-9.92984164678048,-0.00139495012468825,1.47199083677596E+024,-9.92417829016941
3159190,10385.12,1.48950536399266E+024,-9.96084777535468,-0.00140118453865333,1.48865092489794E+024,-9.95513383973445
3172023,10367.03,1.50628814896403E+024,-9.99174006858597,-0.00140964700381829,1.5054190730219E+024,-9.98597518162225
3184855,10348.85,1.52317648734356E+024,-10.0225128462784,-0.00141677057356611,1.52229258347232E+024,-10.0166967520976
3197688,10330.58,1.54017293820969E+024,-10.0531702565359,-0.00142367334216477,1.5392740113459E+024,-10.0473026915465
3210520,10312.2,1.55727477308835E+024,-10.0837068746005,-0.00143235660847874,1.55636061226175E+024,-10.0777874761931
3223352,10293.73,1.57448319160757E+024,-10.1141242265106,-0.00143937032418962,1.57355359944244E+024,-10.1081527365079
3236185,10275.16,1.59179945533207E+024,-10.1444240339149,-0.00144705057274213,1.59085422311659E+024,-10.138400136638
3249017,10256.5,1.6092207489163E+024,-10.1746008260633,-0.0014541770573566,1.60825967703728E+024,-10.1685242683625
3261849,10237.73,1.62674830981689E+024,-10.2046563216744,-0.00146274937655864,1.62577117862999E+024,-10.1985267391918
3274682,10218.87,1.64438337003735E+024,-10.2345920040207,-0.00146964856230022,1.64338997388962E+024,-10.2284091366581
3287514,10199.9,1.66212306088352E+024,-10.2644025722302,-0.00147833541147141,1.66111317755892E+024,-10.2581660610845
3300347,10180.84,1.67996998531407E+024,-10.2940918238035,-0.00148523338268523,1.67894340554482E+024,-10.2878014099858
3313179,10161.68,1.69792122771326E+024,-10.3236545000055,-0.00149314214463839,1.69687773427572E+024,-10.3173098795683
3326011,10142.42,1.71597801465914E+024,-10.3530921733178,-0.00150093516209478,1.7149173871539E+024,-10.3466930386964
3338844,10123.06,1.73414160110744E+024,-10.3824063950935,-0.00150861061326273,1.73306361588952E+024,-10.3759524350403
3351676,10103.6,1.75240898323327E+024,-10.4115918623022,-0.00151652119700741,1.75131341747225E+024,-10.4050827747141
3364509,10084.04,1.7707828279047E+024,-10.4406523910618,-0.00152419543364759,1.76966945412431E+024,-10.4340878657913
3377341,10064.38,1.78926008403694E+024,-10.4695827212165,-0.00153210723192033,1.78812867562977E+024,-10.4629624573343
3390173,10044.62,1.80784198306659E+024,-10.4983843846318,-0.00153990024937643,1.80669231012319E+024,-10.4917080774161
3403006,10024.76,1.82652978454259E+024,-10.5270588911298,-0.00154757266422509,1.82536161377894E+024,-10.5203262320033
3415838,10004.79,1.84532036647435E+024,-10.5556010454422,-0.00155626558603486,1.84413345617517E+024,-10.54881168148
3428670,9984.73,1.86421494377636E+024,-10.5840122467121,-0.00156327930174574,1.86300906761442E+024,-10.5771659288512
3441503,9964.56,1.88321479692009E+024,-10.6122940867398,-0.00157172913582172,1.88198970620429E+024,-10.605390454196
3454335,9944.29,1.90231671384896E+024,-10.6404413286328,-0.00157964463840388,1.90107217038294E+024,-10.6334800841488
3467168,9923.91,1.92152343222505E+024,-10.6684576396701,-0.00158809319722598,1.92025918314148E+024,-10.6614384237876
3480000,9903.44,1.94083169217686E+024,-10.6963378278967,-0.00159523067331666,1.93954750504594E+024,-10.6892603984411
3480000,5566.46,1.94083169217686E+024,-10.6963378278967,#DIV/0!,1.93954750504594E+024,-10.6892603984411
3493636,5559.62,1.95242840923699E+024,-10.6764171386291,-0.000501613376356714,1.951137087864E+024,-10.6693558371377
3507273,5552.79,1.96410250458894E+024,-10.6568960421687,-0.000500843293979609,1.96280400308374E+024,-10.649850587301
3520909,5545.96,1.97585241778362E+024,-10.6377707100637,-0.000500880023467287,1.97454668066267E+024,-10.6307407659367
3534545,5539.14,1.98767913106806E+024,-10.6190330185985,-0.000500146670577861,1.98636611278125E+024,-10.6120183126916
3548182,5532.32,1.99958367046822E+024,-10.6006752054697,-0.000500109994866952,1.9982633141134E+024,-10.5936754139232
3561818,5525.51,2.01156441731924E+024,-10.5826935400841,-0.000499413317688434,2.01023667769632E+024,-10.575708398863
3575455,5518.7,2.02362327663488E+024,-10.5650791977158,-0.000499376695754228,2.02228809648287E+024,-10.5581083923232
3589091,5511.89,2.03575860484419E+024,-10.5478285795897,-0.000499413317688434,2.03441592777769E+024,-10.54087179822
3602727,5505.08,2.04797140650962E+024,-10.5309343128396,-0.000499413317688501,2.04662117538204E+024,-10.5239912494421
3616364,5498.28,2.06026270872063E+024,-10.5143892489927,-0.000498643396641503,2.05890487678505E+024,-10.5074596601374
3630000,5491.48,2.07263085240491E+024,-10.4981900888722,-0.000498679964799075,2.07126536272129E+024,-10.4912736762142
3630000,5491.48,2.07263085240491E+024,-10.4981900888722,#DIV/0!,2.07126536272129E+024,-10.4912736762142
3642792,5485.1,2.08430379934975E+024,-10.483299550872,-0.000498749218261351,2.0829315209017E+024,-10.4763974831204
3655584,5478.72,2.09604535890583E+024,-10.468702656717,-0.000498749218261422,2.09466624387486E+024,-10.4618146639895
3668377,5472.35,2.10785655461937E+024,-10.454393736499,-0.000497928554678331,2.10647056527017E+024,-10.4475196072612
3681169,5465.98,2.11973565775771E+024,-10.4403706477231,-0.000497967479674859,2.1183427465477E+024,-10.4335101180818
3693961,5459.61,2.13168368370573E+024,-10.4266278487018,-0.000497967479674788,2.13028380238868E+024,-10.4197806594885
3706753,5453.24,2.14370072681164E+024,-10.4131610061128,-0.000497967479674788,2.14229382697376E+024,-10.4063269017306
3719545,5446.87,2.15578688041828E+024,-10.3999658610199,-0.000497967479674788,2.15437291347822E+024,-10.3931445893817
3732338,5440.5,2.16794319035877E+024,-10.3870372297604,-0.000497928554678331,2.1665221070088E+024,-10.3802285432005
3745130,5434.14,2.18016784751351E+024,-10.3743730185336,-0.000497185741088155,2.17873961063984E+024,-10.3675767243385
3757922,5427.77,2.19246191180391E+024,-10.3619682657949,-0.000497967479674788,2.19102646107482E+024,-10.3551840681668
3770714,5421.41,2.20482545008217E+024,-10.3498188875998,-0.000497185741088226,2.20338274764813E+024,-10.3430466014306
3783506,5415.04,2.21725857359827E+024,-10.3379210816921,-0.000497967479674788,2.21580855863806E+024,-10.3311604176882
3796299,5408.68,2.22976232757677E+024,-10.3262699985045,-0.000497146877198442,2.22830496148397E+024,-10.3195207788344
3809091,5402.32,2.24233486679943E+024,-10.3148637871762,-0.000497185741088226,2.24087010047119E+024,-10.3081257814575
3821883,5395.95,2.25497725097373E+024,-10.3036978081002,-0.000497967479674788,2.25350502285263E+024,-10.2969707363934
3834675,5389.59,2.26768954115131E+024,-10.2927682996668,-0.000497185741088155,2.26620981294053E+024,-10.2860519924547
3847468,5383.23,2.28047284691205E+024,-10.2820709509823,-0.000497146877198513,2.27898556784069E+024,-10.2753651886418
3860260,5376.86,2.2933252523846E+024,-10.271603899581,-0.000497967479674788,2.29183036074557E+024,-10.2649084102374
3873052,5370.5,2.30624781105026E+024,-10.2613627143054,-0.000497185741088155,2.30474526828156E+024,-10.2546773371878
3885844,5364.13,2.31924062737832E+024,-10.2513440836117,-0.000497967479674788,2.31773037069022E+024,-10.2446685533621
3898636,5357.76,2.33230375660663E+024,-10.2415445373758,-0.000497967479674788,2.33078573507194E+024,-10.2348786452886
3911429,5351.4,2.34543830706468E+024,-10.2319600298293,-0.000497146877198513,2.34391248124586E+024,-10.2253036241828
3924221,5345.03,2.35864232730111E+024,-10.222588912307,-0.000497967479674788,2.35710863427462E+024,-10.2159417351805
3937013,5338.66,2.37191689239564E+024,-10.2134271159258,-0.000497967479674788,2.37037528073159E+024,-10.2067889666625
3949805,5332.29,2.38526207759886E+024,-10.204471491459,-0.000497967479674788,2.38371249569982E+024,-10.1978421719972
3962597,5325.91,2.39867795715605E+024,-10.1957189404288,-0.000498749218261422,2.39712034066361E+024,-10.1890982017312
3975390,5319.54,2.41216563668581E+024,-10.1871656490018,-0.000497928554678331,2.41059994562693E+024,-10.180553352595
3988182,5313.16,2.4257231049889E+024,-10.1788100618747,-0.000498749218261422,2.42414927513655E+024,-10.1722059630375
4000974,5306.78,2.43935145854915E+024,-10.1706484410402,-0.000498749218261422,2.43776943755358E+024,-10.16405235202
4013766,5300.4,2.45305076726078E+024,-10.162677882126,-0.000498749218261422,2.45146050260443E+024,-10.1560896175595
4026558,5294.02,2.46682110001105E+024,-10.1548955268208,-0.000498749218261351,2.46522253900855E+024,-10.1483149036968
4039351,5287.63,2.48066361015206E+024,-10.1472979779642,-0.000499491909638109,2.47905668620722E+024,-10.1407247626239
4052143,5281.24,2.49457617417989E+024,-10.1398835473745,-0.000499530956848056,2.49296083484088E+024,-10.1333175611534
4064935,5274.85,2.50855993623525E+024,-10.13264890666,-0.000499530956847985,2.50693612822986E+024,-10.1260899737149
4077727,5268.46,2.52261496084281E+024,-10.1255913738696,-0.000499530956848056,2.52098263073073E+024,-10.1190393205604
4090519,5262.06,2.53674131151872E+024,-10.1187083089221,-0.000500312695434618,2.53510039227103E+024,-10.1121629102445
4103312,5255.66,2.55094013714683E+024,-10.1119964905493,-0.000500273587117998,2.54929057422443E+024,-10.1054575779973
4116104,5249.25,2.56520927911791E+024,-10.1054544098449,-0.000501094434021252,2.56355100557696E+024,-10.0989217624685
4128896,5242.85,2.57954987669072E+024,-10.0990789073964,-0.000500312695434618,2.57788285192297E+024,-10.0925524142193
4141688,5236.43,2.59396201615618E+024,-10.0928676112097,-0.000501876172607886,2.59228615827848E+024,-10.0863470023537
4154481,5230.02,2.60844683606539E+024,-10.086817401876,-0.000501055264597816,2.60676210352067E+024,-10.0803025711673
4167273,5223.6,2.62300215620385E+024,-10.0809269292553,-0.000501876172607886,2.6213084809671E+024,-10.0744176641892
4180065,5217.18,2.63762913309251E+024,-10.075193237759,-0.000501876172607886,2.63592646012152E+024,-10.0686893820849
4192857,5210.75,2.65232782114267E+024,-10.0696139973661,-0.000502657911194519,2.6506160811252E+024,-10.0631153432018
4205649,5204.32,2.66709824540634E+024,-10.064186806474,-0.000502657911194519,2.66537738287617E+024,-10.0576932016727
4218442,5197.88,2.68194162172125E+024,-10.0589090017635,-0.000503400297037411,2.68021156604755E+024,-10.0524202428551
4231234,5191.44,2.69685565188147E+024,-10.0537790760513,-0.000503439649781153,2.69511634789011E+024,-10.0472950144876
4244026,5184.99,2.71184154229952E+024,-10.0487944172313,-0.000504221388367716,2.71009291948202E+024,-10.042314853093
4256818,5178.54,2.72689931257911E+024,-10.0439527601809,-0.000504221388367716,2.72514131461806E+024,-10.0374775491631
4269610,5172.08,2.74202900999852E+024,-10.0392519796634,-0.000505003126954349,2.74026156578417E+024,-10.0327809256508
4282403,5165.62,2.75723184335442E+024,-10.0346895266039,-0.000504963651997189,2.75545489539635E+024,-10.0282224893444
4295195,5159.15,2.77250548080322E+024,-10.0302640523362,-0.000505784865540983,2.7707189581297E+024,-10.0238008390892
4307987,5152.68,2.78785112128882E+024,-10.0259730539367,-0.000505784865540912,2.78605496672705E+024,-10.0195135277807
4320779,5146.2,2.80326880730779E+024,-10.0218145308474,-0.000506566604127617,2.80146294853916E+024,-10.0153585029414
4333571,5139.71,2.81875855023623E+024,-10.0177864050216,-0.000507348342714179,2.81694291459415E+024,-10.0113336884346
4346364,5133.22,2.83432158000887E+024,-10.0138863308267,-0.000507308684436784,2.83249610885982E+024,-10.0074367942901
4359156,5126.72,2.84995550229793E+024,-10.0101130054178,-0.000508130081300813,2.84812012313373E+024,-10.003666465173
4371948,5120.22,2.86566153710418E+024,-10.0064641247684,-0.000508130081300813,2.86381619163203E+024,-10.0000204526788
4384740,5113.71,2.88143972073707E+024,-10.0029378324729,-0.000508911819887447,2.87958433507047E+024,-9.99649684835491
4397532,5107.19,2.89729005748443E+024,-9.99953219211021,-0.00050969355847408,2.89542455738549E+024,-9.99309371756207
4410325,5100.67,2.91321379840588E+024,-9.99624504474626,-0.00050965371687638,2.91133812408956E+024,-9.98980895684213
4423117,5094.14,2.92920848656957E+024,-9.99307512844499,-0.000510475297060643,2.9273225639773E+024,-9.98664125177235
4435909,5087.6,2.94527536302152E+024,-9.99002032179866,-0.000511257035647277,2.94337911694746E+024,-9.98358848284301
4448701,5081.05,2.96141442612224E+024,-9.98707879344066,-0.00051203877423391,2.95950778100628E+024,-9.98064882037232
4461494,5074.5,2.9776269435893E+024,-9.98424852312131,-0.000511998749316046,2.97570983866343E+024,-9.97782029944275
4474286,5067.94,2.99391040812594E+024,-9.98152827895098,-0.000512820512820544,2.99198276802695E+024,-9.97510163568618
4487078,5061.37,3.01026607737168E+024,-9.97891607523202,-0.000513602251407107,3.00832782556387E+024,-9.97249084516077
4499870,5054.79,3.02669394371971E+024,-9.97641017861691,-0.00051438398999374,3.02474500331024E+024,-9.96998619611318
4512662,5048.21,3.04319399797275E+024,-9.97400887937964,-0.00051438398999374,3.04123430804744E+024,-9.96758603393209
4525455,5041.61,3.05976756135486E+024,-9.97171042507915,-0.00051590713671542,3.05779702711661E+024,-9.96528850040268
4538247,5035.01,3.07641199780779E+024,-9.96951340365667,-0.000515947467166937,3.07443055865612E+024,-9.96309229224666
4551039,5028.4,3.09312861839762E+024,-9.96741609444492,-0.000516729205753642,3.09113619609642E+024,-9.96099563653258
4563831,5021.79,3.10991740790821E+024,-9.96541687769293,-0.00051672920575357,3.10791394057009E+024,-9.95899696854215
4576623,5015.16,3.1267783830943E+024,-9.96351426234542,-0.000518292682926838,3.12476377505104E+024,-9.95709469130049
4589416,5008.52,3.14371281956296E+024,-9.96170642925385,-0.000519033846634833,3.14168699061312E+024,-9.95528704095965
4602208,5001.88,3.16071804982878E+024,-9.95999210522225,-0.000519074421513472,3.15868093815557E+024,-9.95357279927252
4615000,4995.22,3.17779540641384E+024,-9.95836971439071,-0.000520637898686668,3.17574691497686E+024,-9.95195028441576
4627792,4988.56,3.19494483209518E+024,-9.95683763441249,-0.000520637898686668,3.19288489766297E+024,-9.95041798282006
4640584,4981.89,3.21216633650395E+024,-9.95539447748482,-0.000521419637273302,3.21009487839296E+024,-9.94897445421141
4653377,4975.2,3.22946124913484E+024,-9.95403866805656,-0.000522942234034277,3.2273781680112E+024,-9.94761807079472
4666169,4968.51,3.24682680352391E+024,-9.95276885455281,-0.000522983114446498,3.24473203625025E+024,-9.94634758981021
4678961,4961.81,3.26426435318155E+024,-9.95158359494745,-0.000523764853033132,3.26215781797359E+024,-9.94516151666285
4691753,4955.09,3.28177386708917E+024,-9.9504814705028,-0.000525328330206399,3.27965546413378E+024,-9.94405838036668
4704545,4948.37,3.29935527711193E+024,-9.94946097387192,-0.000525328330206399,3.29722494154739E+024,-9.94303678224039
4717338,4941.64,3.3170099680231E+024,-9.9485207627996,-0.000526068943953691,3.31486761601458E+024,-9.94209532734915
4730130,4934.89,3.33473514384183E+024,-9.94765961969701,-0.000527673545966229,3.33258067511322E+024,-9.94123274600269
4742922,4928.14,3.3525321072094E+024,-9.94687601116515,-0.000527673545966229,3.35036545607674E+024,-9.94044761331935
4755714,4921.37,3.37040085476998E+024,-9.94616871504376,-0.000529237023139496,3.36822191908062E+024,-9.93973860096548
4768506,4914.59,3.38834130919405E+024,-9.94553631154109,-0.000530018761726059,3.38615000446982E+024,-9.93910434418131
4781299,4907.8,3.40635483941141E+024,-9.9449774671178,-0.000530759008832953,3.40415107982284E+024,-9.93854351044431
4794091,4901,3.42443858469468E+024,-9.94449098990125,-0.000531582238899326,3.42222228598609E+024,-9.93805490936033
4806883,4894.19,3.44259390310918E+024,-9.94407556750544,-0.00053236397748596,3.44036497967719E+024,-9.93763722953539
4819675,4887.37,3.460820746749E+024,-9.94372995282037,-0.000533145716072523,3.4585791126136E+024,-9.93728922499118
4832468,4880.54,3.47912050028413E+024,-9.94345289822157,-0.000533885718752437,3.47686606808394E+024,-9.93700964901737
4845260,4873.69,3.49749025157488E+024,-9.94324323083508,-0.000535490931832424,3.49522291673688E+024,-9.93679727669129
4858052,4866.83,3.51593133652487E+024,-9.94309961552335,-0.000536272670418986,3.51365101183466E+024,-9.93665082759769
4870844,4859.96,3.53444370013815E+024,-9.9430208668052,-0.00053705440900562,3.53215029800131E+024,-9.93656911732571
4883636,4853.08,3.55302728573678E+024,-9.94300581386314,-0.000537836147592254,3.55072071817798E+024,-9.93655097611416
4896429,4846.18,3.57168349708808E+024,-9.94305330932648,-0.000539357461111517,3.56936365547293E+024,-9.93659520382317
4909221,4839.27,3.59040931887785E+024,-9.94316209649406,-0.000540181363352084,3.58807611540201E+024,-9.93670059912595
4922013,4832.35,3.60920614345997E+024,-9.94333104612811,-0.000540963101938717,3.60685948889983E+024,-9.93686603354228
4934805,4825.42,3.62807390699121E+024,-9.94355904435988,-0.000541744840525351,3.62571371173891E+024,-9.93709039420303
4947597,4818.47,3.64701254392896E+024,-9.94384499087039,-0.000543308317698547,3.64463869835078E+024,-9.93737252822396
4960390,4811.51,3.66602343745443E+024,-9.94418772356454,-0.000544047525990779,3.66363584999194E+024,-9.93771132799902
4973182,4804.53,3.68510354613663E+024,-9.94458611547823,-0.000545653533458449,3.68270210715006E+024,-9.93810561459026
4985974,4797.55,3.70425424124959E+024,-9.94503902089732,-0.000545653533458377,3.70183887932835E+024,-9.93855435030186
4998766,4790.54,3.72347548966482E+024,-9.94554549974107,-0.000547998749218279,3.72104607306629E+024,-9.93905643505256
5011558,4783.53,3.7427671363413E+024,-9.94610430286585,-0.000547998749218279,3.74032359297918E+024,-9.93961078182569
5024351,4776.5,3.76213066217406E+024,-9.94671456822762,-0.000549519268349859,3.7596728781499E+024,-9.94021642173727
5037143,4769.45,3.7815629209209E+024,-9.94737508323329,-0.000551125703564742,3.77909078396662E+024,-9.94087214408999
5049935,4762.4,3.80106530093795E+024,-9.94808478604579,-0.000551125703564742,3.79857873799955E+024,-9.94157699494553
5062727,4755.32,3.82063776067518E+024,-9.94884279841332,-0.000553470919324572,3.81813663681441E+024,-9.94232993598857
5075519,4748.24,3.8402801335516E+024,-9.94964793208195,-0.000553470919324572,3.83776437503114E+024,-9.94312994102656
5088312,4741.13,3.85999391940222E+024,-9.95049940365905,-0.000555772688188828,3.85746338881543E+024,-9.9439760661563
5101104,4734.02,3.8797758649497E+024,-9.95139591489039,-0.000555816135084402,3.8772304890255E+024,-9.9448671760004
5113896,4726.89,3.89962745877766E+024,-9.95233669570874,-0.00055737961225767,3.89706712093629E+024,-9.9458023935167
5126688,4719.74,3.91954856695415E+024,-9.95332071058092,-0.000558943089430937,3.91697315000802E+024,-9.94678068425124
5139481,4712.58,3.93954061978988E+024,-9.95434702009364,-0.000559681075588201,3.93695002594681E+024,-9.94780116295172
5152273,4705.4,3.95960039567548E+024,-9.95541455758506,-0.000561288305190767,3.95699450781757E+024,-9.9488627111047
5165065,4698.2,3.97972931276317E+024,-9.95652239589099,-0.000562851782363963,3.97710801197584E+024,-9.94996440213204
5177857,4690.99,3.99992722795968E+024,-9.9576695430461,-0.000563633520950597,3.99729041622756E+024,-9.95110529865382
5190649,4683.77,4.02019403896461E+024,-9.95885512473316,-0.00056441525953716,4.01754161786992E+024,-9.95228452710632
5203442,4676.53,4.04053123532813E+024,-9.96007837667151,-0.000565934495427241,4.03786308308977E+024,-9.95350126988351
5216234,4669.27,4.06093548814026E+024,-9.96133814594819,-0.000567542213883623,4.05825148482037E+024,-9.95475437609212
5229026,4661.99,4.08140823128754E+024,-9.96263357226665,-0.000569105691056962,4.07870825510095E+024,-9.95604298591104
5241818,4654.7,4.10194931042205E+024,-9.96396371422641,-0.000569887429643524,4.09923326101067E+024,-9.9573662124698
5254610,4647.39,4.12255861303293E+024,-9.96532774733444,-0.000571450906816721,4.11982636747536E+024,-9.95872317841907
5267403,4640.07,4.14323760068143E+024,-9.96672486283076,-0.00057218791526621,4.1404890564182E+024,-9.96011312894409
5280195,4632.73,4.16398292396944E+024,-9.96815403655379,-0.000573796122576622,4.1612179582096E+024,-9.96153498813233
5292987,4625.37,4.18479603212488E+024,-9.96961446961076,-0.000575359599749818,4.18201452017847E+024,-9.96298795746167
5305779,4617.99,4.20567675941311E+024,-9.97110526757828,-0.000576923076923085,4.20287857596157E+024,-9.96447114342908
5318571,4610.6,4.22662493763182E+024,-9.97262554522975,-0.000577704815509648,4.22380997942566E+024,-9.96598371527564
5331364,4603.19,4.24764208849709E+024,-9.97417465872701,-0.000579223012585067,4.24481022773974E+024,-9.96752497562883
5344156,4595.76,4.26872475356724E+024,-9.97575149808358,-0.000580831769856112,4.2658758644736E+024,-9.96909381662498
5356948,4588.31,4.28987439655738E+024,-9.97735532125054,-0.000582395247029379,4.28700835138859E+024,-9.97068949647984
5369740,4580.84,4.31109083977299E+024,-9.97898527799034,-0.000583958724202647,4.30820751015394E+024,-9.97231116582488
5382532,4573.36,4.33237390302185E+024,-9.98064052662861,-0.00058474046278928,4.32947318318857E+024,-9.97395803740387
5395325,4565.86,4.35372512323032E+024,-9.9823204763635,-0.000586258109903854,4.35080688226729E+024,-9.97562946678074
5408117,4558.34,4.37514097768475E+024,-9.9840240390795,-0.000587867417135673,4.37220508677707E+024,-9.97732436801794
5420909,4550.8,4.39662294412398E+024,-9.98575052479847,-0.00058943089430894,4.39366927244703E+024,-9.97904205130119
5433701,4543.24,4.41817083274888E+024,-9.98749912441014,-0.000590994371482208,4.41519924883418E+024,-9.98078170834145
5446494,4535.66,4.43978614482752E+024,-9.98926917913155,-0.000592511529742822,4.43679651514614E+024,-9.98254268045367
5459286,4528.07,4.46146530626091E+024,-9.9910596189165,-0.000593339587242038,4.45845752337752E+024,-9.98432395337932
5472078,4520.45,4.48320985331842E+024,-9.99286989966319,-0.000595684803001868,4.48018375990619E+024,-9.98612487572675
5484870,4512.82,4.50501953825575E+024,-9.99469913598223,-0.000596466541588501,4.50197502439705E+024,-9.98794467026357
5497662,4505.16,4.52689420704512E+024,-9.99654666460727,-0.000598811757348331,4.52383111388632E+024,-9.98978256712685
5510455,4497.49,4.54883532545648E+024,-9.99841176480285,-0.00059954662706168,4.54575354053518E+024,-9.9916379529567
5523247,4489.79,4.57083930461678E+024,-10.0002934964399,-0.000601938711694795,4.56773866900395E+024,-9.99350978253367
5536039,4482.08,4.59290759673525E+024,-10.0021911455919,-0.000602720450281429,4.58978799834967E+024,-9.99539744929103
5548831,4474.35,4.61504003841793E+024,-10.0041040781436,-0.000604283927454625,4.61190134003913E+024,-9.99730026604441
5561623,4466.59,4.63723641476294E+024,-10.0060315594821,-0.000606629143214526,4.63407845368801E+024,-9.99921744535183
5574416,4458.82,4.65949820259559E+024,-10.0079729104213,-0.000607363401860427,4.65632086358743E+024,-10.0011484153065
5587208,4451.02,4.68182175113057E+024,-10.0099272141123,-0.000609756097560919,4.67862487144604E+024,-10.003092154032
5600000,4443.2,4.7042085235405E+024,-10.0118937974064,-0.000611319574734257,4.70099196319718E+024,-10.0050480420813
5600000,4443.2,4.7042085235405E+024,-10.0118937974064,#DIV/0!,4.70099196319718E+024,-10.0050480420813
5614429,4434.36,4.72953860226629E+024,-10.0141319590566,-0.000612655069651407,4.72629682249053E+024,-10.0072679469009
5628857,4425.49,4.75494679113593E+024,-10.0163837238457,-0.000614776822844462,4.75167957776428E+024,-10.0095012782
5643286,4416.6,4.78043625415411E+024,-10.0186483549077,-0.000616120313257982,4.77714341709996E+024,-10.0117473578477
5657714,4407.68,4.80600315341693E+024,-10.0209246206873,-0.00061824230662601,4.80268447625408E+024,-10.0140048970359
5672143,4398.73,4.83165066618866E+024,-10.0232118081116,-0.000620278605586023,4.82830592768187E+024,-10.0162731809607
5686571,4389.75,4.8573748660049E+024,-10.0255085818803,-0.000622400887163818,4.854003847307E+024,-10.0185508778081
5701000,4380.74,4.88317894255213E+024,-10.0278142521535,-0.000624436897913938,4.87978141993909E+024,-10.0208372959367
5701000,3992.12,4.88317894255213E+024,-10.0278142521535,#DIV/0!,4.87978141993909E+024,-10.0208372959367
5718500,3988.05,4.91180002313403E+024,-10.0249484847639,-0.000232571428571412,4.90838789589901E+024,-10.0179843576428
5736000,3983.97,4.94056745724325E+024,-10.0222278449958,-0.000233142857142879,4.93714059966681E+024,-10.015276265502
5753500,3979.9,4.9694813506496E+024,-10.0196500606654,-0.000232571428571412,4.96603970894574E+024,-10.0127108967822
5771000,3975.82,4.99854195218656E+024,-10.0172131853163,-0.000233142857142853,4.99508539964523E+024,-10.0102861605911
5771000,3975.82,4.99854195218656E+024,-10.0172131853163,#DIV/0!,4.99508539964523E+024,-10.0102861605911
5784333,3959.02,5.02077861391396E+024,-10.0154443370766,-0.00126003150078753,5.01727504424393E+024,-10.0084554196776
5797667,3942.21,5.04302530028482E+024,-10.0136022362837,-0.00126068696565171,5.03947446464719E+024,-10.0065515764983
5811000,3925.41,5.06527798449694E+024,-10.0116868567849,-0.00126003150078753,5.0616796968787E+024,-10.0045747241508
5824333,3908.6,5.08753775081276E+024,-10.0096979795664,-0.00126078151953798,5.08389176467043E+024,-10.0025245251549
5837667,3891.8,5.10980557658241E+024,-10.0076351561363,-0.00125993700314982,5.10611169801962E+024,-10.0004006364636
5851000,3874.99,5.13207753597838E+024,-10.0054986235491,-0.00126078151953802,5.12833552077648E+024,-9.99820319052239
5864333,3858.19,5.15435459218602E+024,-10.0032879289667,-0.0012600315007875,5.15056424931117E+024,-9.99593183996492
5877667,3841.38,5.17663782887456E+024,-10.0010028371323,-0.00126068696565171,5.17279890560489E+024,-9.99358623126169
5891000,3824.58,5.19892319417608E+024,-9.99864340097564,-0.00126003150078753,5.19503550237658E+024,-9.99116653653578
5904333,3807.77,5.22121175868752E+024,-9.9962093807655,-0.00126078151953798,5.21727504802689E+024,-9.98867239780945
5917667,3790.97,5.24350448198897E+024,-9.9937003067969,-0.00125993700314986,5.23951855625456E+024,-9.98610345103532
5931000,3774.16,5.26579741807204E+024,-9.99111649518789,-0.00126078151953798,5.26176202935294E+024,-9.98345990766753
5944333,3757.36,5.28809151243985E+024,-9.9884574716368,-0.0012600315007875,5.28400646748884E+024,-9.98074139908645
5957667,3740.55,5.31038783325558E+024,-9.98572297894737,-0.00126068696565171,5.30625287545575E+024,-9.97794755003047
5971000,3723.75,5.33268230708392E+024,-9.98291314910085,-0.00126003150078753,5.32849724619034E+024,-9.975078611617
5971000,3543.26,5.33268230708392E+024,-9.98291314910085,#DIV/0!,5.32849724619034E+024,-9.975078611617
5984846,3535,5.35471350136813E+024,-9.97782777504449,-0.000596562184024283,5.35050274123671E+024,-9.96998155892432
5998692,3526.73,5.37679527360919E+024,-9.97277673855894,-0.000597284414271268,5.37255866384243E+024,-9.96491875602804
6012538,3518.46,5.3989273199548E+024,-9.96775916656788,-0.000597284414271268,5.39466474099224E+024,-9.95988938836763
6026385,3510.19,5.42111100281873E+024,-9.96277395568392,-0.000597241279699573,5.41682233293401E+024,-9.95489235196657
6040231,3501.92,5.44334287309894E+024,-9.95782108644627,-0.000597284414271268,5.4390279940612E+024,-9.94992762934295
6054077,3493.65,5.46562428252868E+024,-9.95289946320537,-0.000597284414271268,5.46128307394985E+024,-9.94499412425405
6067923,3485.39,5.4879549828127E+024,-9.94800836330633,-0.000596562184024283,5.48358735601216E+024,-9.94009117228058
6081769,3477.12,5.51033478821094E+024,-9.94314718817561,-0.000597284414271268,5.50594059026556E+024,-9.93521805888961
6095615,3468.85,5.53276338320052E+024,-9.93831511509017,-0.000597284414271268,5.52834249289467E+024,-9.93037401985335
6109462,3460.58,5.55524214157272E+024,-9.93351110325563,-0.000597241279699573,5.55079443547244E+024,-9.92555801375832
6123308,3452.31,5.57776756167528E+024,-9.92873515602775,-0.000597284414271268,5.57329291994683E+024,-9.92077004594588
6137154,3444.04,5.60034100662259E+024,-9.92398623931663,-0.000597284414271268,5.59583930722272E+024,-9.91600908170337
6151000,3435.78,5.62296221818905E+024,-9.91926367813039,-0.00059656218402425,5.61843337166441E+024,-9.9112745042586
6151000,3359.49,5.62296221818905E+024,-9.91926367813039,#DIV/0!,5.61843337166441E+024,-9.9112745042586
6165000,3361.01,5.64537474430268E+024,-9.91362159586746,0.00010857142857146,5.64085097188995E+024,-9.90567757622008
6179000,3362.53,5.66789948112036E+024,-9.90812490401505,0.000108571428571427,5.66338080590863E+024,-9.90022575221331
6193000,3364.05,5.69053675285786E+024,-9.90277236997554,0.000108571428571427,5.68602319798865E+024,-9.8949178022273
6207000,3365.58,5.71328688404543E+024,-9.8975627750363,0.000109285714285696,5.70877850655172E+024,-9.88975256872893
6221000,3367.1,5.73615026746079E+024,-9.89249503133886,0.000108571428571427,5.73164705674985E+024,-9.88472884888096
6235000,3368.62,5.75912716063661E+024,-9.88756782970051,0.000108571428571427,5.75462914000719E+024,-9.87984539488838
6249000,3370.14,5.78221788904727E+024,-9.88277999195652,0.000108571428571427,5.77772508185053E+024,-9.87510103105887
6263000,3371.66,5.80542277848163E+024,-9.87813035309546,0.000108571428571427,5.80093520812114E+024,-9.87049459482582
6277000,3373.18,5.828742155043E+024,-9.87361776108343,0.000108571428571427,5.82425984497476E+024,-9.86602493657289
6291000,3374.71,5.85217634514921E+024,-9.86924107669093,0.000109285714285729,5.84769935364345E+024,-9.86169097808442
6291000,3374.71,5.85217634514921E+024,-9.86924107669093,#DIV/0!,5.84769935364345E+024,-9.86169097808442
6309533,3376.72,5.88337315617201E+024,-9.86365074006286,0.000108455188042938,5.87890546429133E+024,-9.85616052124528
6328067,3378.73,5.91477416515651E+024,-9.85829372068469,0.000108449336354819,5.91031582817314E+024,-9.85086290519442
6346600,3380.75,5.94637674315494E+024,-9.85316805412225,0.000108994766092914,5.94192786230395E+024,-9.84579624224908
6346600,2900,5.94637674315494E+024,-9.85316805412225,#DIV/0!,5.94192786230395E+024,-9.84579624224908
6356000,2900,5.96019524778987E+024,-9.84687519488826,0,5.95574636693888E+024,-9.83952517149551
6356000,2600,5.96019524778987E+024,-9.84687519488826,#DIV/0!,5.95574636693888E+024,-9.83952517149551
6368000,2600,5.97606433388506E+024,-9.83591752133021,0,5.97161545303407E+024,-9.82859517293038
6368000,1020,5.97606433388506E+024,-9.83591752133021,#DIV/0!,5.97161545303407E+024,-9.82859517293038
6371000,1020,5.97762439633048E+024,-9.82922182249123,0,5.97317551547949E+024,-9.8219063684167
